Parent Unique ID,*Unique ID,*Product Name,Color,Size,UPC,*Quantity,*Tags,Description,*Price,MSRP,*Shipping,Shipping Time,*Main Image URL,Extra Image URL,Extra Image URL 1,Extra Image URL 2,Extra Image URL 3,Extra Image URL 4,Extra Image URL 5,Extra Image URL 6,Extra Image URL 7,Extra Image URL 8,Extra Image URL 9,Extra Image URL 10
thy-wm-shoe-898,thy-wm-shoe-111-1-Black-5.5,Feisen Women's Pointed Toe Faux Suede Flat Shoe Ballet Casual Flats Comfort Soft Slip On Flats Black 5.5,Black,5.5,"881375960362 
",100,"flat shoes, womens shoes, slip on, toe shoes, toe flats, casual shoes, lining shoes, lightweight shoes, imported, fashion","Material: High quality Rubber and Faux Suede, Imported pointed toe flat shoes, soft cushioned foot-bed, light weight but durable, comfortable slip on flats, Heel measures 0.39 inch(1CM), Platform measures 0.20""(0.5CM).

UNIQUE DESIGN: Fashionable pointed toe Faux Suede flat shoes, loafer easy to wear, solid color brings you fashionable feeling, soft rubber bottom and cushioned foot-bed.  Comfort and fashion beyond your imagination.

Breathable insole and anti-skid soft durable sole, comfortable flat womens shoes. Best choice for your casual activities, you will not feel tired evev if you have walked for a long time.

Fashion and classic combined pointed toe flat shoes. Suitable occasion: Walking, wedding, home, office, shopping, dancing, driving, parties, holiday travel and so on.


Fast shipping, we guarantee fast logistics, usually 7-15 business days. Ballet ladies soft flat pointed toe shoes will make your pace more calm!",15.99,29.98,4,,http://img.feisenkj.com/img/am/111-1/02.jpg,http://img.feisenkj.com/img/am/111-1/01.jpg,http://img.feisenkj.com/img/am/111-1/04.jpg,http://img.feisenkj.com/img/am/111-1/03.jpg,http://img.feisenkj.com/img/am/111-1/05.jpg,,,,,,,
thy-wm-shoe-898,thy-wm-shoe-111-1-Black-6.5,Feisen Women's Pointed Toe Faux Suede Flat Shoe Ballet Casual Flats Comfort Soft Slip On Flats Black 6.5,Black,6.5,"881375960379 
",100,"flat shoes, womens shoes, slip on, toe shoes, toe flats, casual shoes, lining shoes, lightweight shoes, imported, fashion","Material: High quality Rubber and Faux Suede, Imported pointed toe flat shoes, soft cushioned foot-bed, light weight but durable, comfortable slip on flats, Heel measures 0.39 inch(1CM), Platform measures 0.20""(0.5CM).

UNIQUE DESIGN: Fashionable pointed toe Faux Suede flat shoes, loafer easy to wear, solid color brings you fashionable feeling, soft rubber bottom and cushioned foot-bed.  Comfort and fashion beyond your imagination.

Breathable insole and anti-skid soft durable sole, comfortable flat womens shoes. Best choice for your casual activities, you will not feel tired evev if you have walked for a long time.

Fashion and classic combined pointed toe flat shoes. Suitable occasion: Walking, wedding, home, office, shopping, dancing, driving, parties, holiday travel and so on.


Fast shipping, we guarantee fast logistics, usually 7-15 business days. Ballet ladies soft flat pointed toe shoes will make your pace more calm!",15.99,29.98,4,,http://img.feisenkj.com/img/am/111-1/02.jpg,http://img.feisenkj.com/img/am/111-1/01.jpg,http://img.feisenkj.com/img/am/111-1/04.jpg,http://img.feisenkj.com/img/am/111-1/03.jpg,http://img.feisenkj.com/img/am/111-1/05.jpg,,,,,,,
thy-wm-shoe-898,thy-wm-shoe-111-1-Black-7,Feisen Women's Pointed Toe Faux Suede Flat Shoe Ballet Casual Flats Comfort Soft Slip On Flats Black 7,Black,7,"881375960386 
",100,"flat shoes, womens shoes, slip on, toe shoes, toe flats, casual shoes, lining shoes, lightweight shoes, imported, fashion","Material: High quality Rubber and Faux Suede, Imported pointed toe flat shoes, soft cushioned foot-bed, light weight but durable, comfortable slip on flats, Heel measures 0.39 inch(1CM), Platform measures 0.20""(0.5CM).

UNIQUE DESIGN: Fashionable pointed toe Faux Suede flat shoes, loafer easy to wear, solid color brings you fashionable feeling, soft rubber bottom and cushioned foot-bed.  Comfort and fashion beyond your imagination.

Breathable insole and anti-skid soft durable sole, comfortable flat womens shoes. Best choice for your casual activities, you will not feel tired evev if you have walked for a long time.

Fashion and classic combined pointed toe flat shoes. Suitable occasion: Walking, wedding, home, office, shopping, dancing, driving, parties, holiday travel and so on.


Fast shipping, we guarantee fast logistics, usually 7-15 business days. Ballet ladies soft flat pointed toe shoes will make your pace more calm!",15.99,29.98,4,,http://img.feisenkj.com/img/am/111-1/02.jpg,http://img.feisenkj.com/img/am/111-1/01.jpg,http://img.feisenkj.com/img/am/111-1/04.jpg,http://img.feisenkj.com/img/am/111-1/03.jpg,http://img.feisenkj.com/img/am/111-1/05.jpg,,,,,,,
thy-wm-shoe-898,thy-wm-shoe-111-1-Black-7.5,Feisen Women's Pointed Toe Faux Suede Flat Shoe Ballet Casual Flats Comfort Soft Slip On Flats Black 7.5,Black,7.5,"881375960393 
",100,"flat shoes, womens shoes, slip on, toe shoes, toe flats, casual shoes, lining shoes, lightweight shoes, imported, fashion","Material: High quality Rubber and Faux Suede, Imported pointed toe flat shoes, soft cushioned foot-bed, light weight but durable, comfortable slip on flats, Heel measures 0.39 inch(1CM), Platform measures 0.20""(0.5CM).

UNIQUE DESIGN: Fashionable pointed toe Faux Suede flat shoes, loafer easy to wear, solid color brings you fashionable feeling, soft rubber bottom and cushioned foot-bed.  Comfort and fashion beyond your imagination.

Breathable insole and anti-skid soft durable sole, comfortable flat womens shoes. Best choice for your casual activities, you will not feel tired evev if you have walked for a long time.

Fashion and classic combined pointed toe flat shoes. Suitable occasion: Walking, wedding, home, office, shopping, dancing, driving, parties, holiday travel and so on.


Fast shipping, we guarantee fast logistics, usually 7-15 business days. Ballet ladies soft flat pointed toe shoes will make your pace more calm!",15.99,29.98,4,,http://img.feisenkj.com/img/am/111-1/02.jpg,http://img.feisenkj.com/img/am/111-1/01.jpg,http://img.feisenkj.com/img/am/111-1/04.jpg,http://img.feisenkj.com/img/am/111-1/03.jpg,http://img.feisenkj.com/img/am/111-1/05.jpg,,,,,,,
thy-wm-shoe-898,thy-wm-shoe-111-1-Black-8,Feisen Women's Pointed Toe Faux Suede Flat Shoe Ballet Casual Flats Comfort Soft Slip On Flats Black 8,Black,8,"881375960409 
",100,"flat shoes, womens shoes, slip on, toe shoes, toe flats, casual shoes, lining shoes, lightweight shoes, imported, fashion","Material: High quality Rubber and Faux Suede, Imported pointed toe flat shoes, soft cushioned foot-bed, light weight but durable, comfortable slip on flats, Heel measures 0.39 inch(1CM), Platform measures 0.20""(0.5CM).

UNIQUE DESIGN: Fashionable pointed toe Faux Suede flat shoes, loafer easy to wear, solid color brings you fashionable feeling, soft rubber bottom and cushioned foot-bed.  Comfort and fashion beyond your imagination.

Breathable insole and anti-skid soft durable sole, comfortable flat womens shoes. Best choice for your casual activities, you will not feel tired evev if you have walked for a long time.

Fashion and classic combined pointed toe flat shoes. Suitable occasion: Walking, wedding, home, office, shopping, dancing, driving, parties, holiday travel and so on.


Fast shipping, we guarantee fast logistics, usually 7-15 business days. Ballet ladies soft flat pointed toe shoes will make your pace more calm!",15.99,29.98,4,,http://img.feisenkj.com/img/am/111-1/02.jpg,http://img.feisenkj.com/img/am/111-1/01.jpg,http://img.feisenkj.com/img/am/111-1/04.jpg,http://img.feisenkj.com/img/am/111-1/03.jpg,http://img.feisenkj.com/img/am/111-1/05.jpg,,,,,,,
thy-wm-shoe-898,thy-wm-shoe-233-7-Khaki-5.5,Feisen Women's Pointed Toe Faux Suede Flat Shoe Ballet Casual Flats Comfort Soft Slip On Flats Khaki 5.5,Khaki,5.5,"881375960515 
",100,"flat shoes, womens shoes, slip on, toe shoes, toe flats, casual shoes, lining shoes, lightweight shoes, imported, fashion","Material: High quality Rubber and Faux Suede, Imported pointed toe flat shoes, soft cushioned foot-bed, light weight but durable, comfortable slip on flats, Heel measures 0.39 inch(1CM), Platform measures 0.20""(0.5CM).

UNIQUE DESIGN: Fashionable pointed toe Faux Suede flat shoes, loafer easy to wear, solid color brings you fashionable feeling, soft rubber bottom and cushioned foot-bed.  Comfort and fashion beyond your imagination.

Breathable insole and anti-skid soft durable sole, comfortable flat womens shoes. Best choice for your casual activities, you will not feel tired evev if you have walked for a long time.

Fashion and classic combined pointed toe flat shoes. Suitable occasion: Walking, wedding, home, office, shopping, dancing, driving, parties, holiday travel and so on.


Fast shipping, we guarantee fast logistics, usually 7-15 business days. Ballet ladies soft flat pointed toe shoes will make your pace more calm!",15.99,29.98,4,,http://img.feisenkj.com/img/am/233-7/02.jpg,http://img.feisenkj.com/img/am/233-7/01.jpg,http://img.feisenkj.com/img/am/233-7/03.jpg,,,,,,,,,
thy-wm-shoe-898,thy-wm-shoe-233-7-Khaki-6.5,Feisen Women's Pointed Toe Faux Suede Flat Shoe Ballet Casual Flats Comfort Soft Slip On Flats Khaki 6.5,Khaki,6.5,"881375960522 
",100,"flat shoes, womens shoes, slip on, toe shoes, toe flats, casual shoes, lining shoes, lightweight shoes, imported, fashion","Material: High quality Rubber and Faux Suede, Imported pointed toe flat shoes, soft cushioned foot-bed, light weight but durable, comfortable slip on flats, Heel measures 0.39 inch(1CM), Platform measures 0.20""(0.5CM).

UNIQUE DESIGN: Fashionable pointed toe Faux Suede flat shoes, loafer easy to wear, solid color brings you fashionable feeling, soft rubber bottom and cushioned foot-bed.  Comfort and fashion beyond your imagination.

Breathable insole and anti-skid soft durable sole, comfortable flat womens shoes. Best choice for your casual activities, you will not feel tired evev if you have walked for a long time.

Fashion and classic combined pointed toe flat shoes. Suitable occasion: Walking, wedding, home, office, shopping, dancing, driving, parties, holiday travel and so on.


Fast shipping, we guarantee fast logistics, usually 7-15 business days. Ballet ladies soft flat pointed toe shoes will make your pace more calm!",15.99,29.98,4,,http://img.feisenkj.com/img/am/233-7/02.jpg,http://img.feisenkj.com/img/am/233-7/01.jpg,http://img.feisenkj.com/img/am/233-7/03.jpg,,,,,,,,,
thy-wm-shoe-898,thy-wm-shoe-233-7-Khaki-7,Feisen Women's Pointed Toe Faux Suede Flat Shoe Ballet Casual Flats Comfort Soft Slip On Flats Khaki 7,Khaki,7,"881375960539 
",100,"flat shoes, womens shoes, slip on, toe shoes, toe flats, casual shoes, lining shoes, lightweight shoes, imported, fashion","Material: High quality Rubber and Faux Suede, Imported pointed toe flat shoes, soft cushioned foot-bed, light weight but durable, comfortable slip on flats, Heel measures 0.39 inch(1CM), Platform measures 0.20""(0.5CM).

UNIQUE DESIGN: Fashionable pointed toe Faux Suede flat shoes, loafer easy to wear, solid color brings you fashionable feeling, soft rubber bottom and cushioned foot-bed.  Comfort and fashion beyond your imagination.

Breathable insole and anti-skid soft durable sole, comfortable flat womens shoes. Best choice for your casual activities, you will not feel tired evev if you have walked for a long time.

Fashion and classic combined pointed toe flat shoes. Suitable occasion: Walking, wedding, home, office, shopping, dancing, driving, parties, holiday travel and so on.


Fast shipping, we guarantee fast logistics, usually 7-15 business days. Ballet ladies soft flat pointed toe shoes will make your pace more calm!",15.99,29.98,4,,http://img.feisenkj.com/img/am/233-7/02.jpg,http://img.feisenkj.com/img/am/233-7/01.jpg,http://img.feisenkj.com/img/am/233-7/03.jpg,,,,,,,,,
thy-wm-shoe-898,thy-wm-shoe-233-7-Khaki-7.5,Feisen Women's Pointed Toe Faux Suede Flat Shoe Ballet Casual Flats Comfort Soft Slip On Flats Khaki 7.5,Khaki,7.5,"881375960546 
",100,"flat shoes, womens shoes, slip on, toe shoes, toe flats, casual shoes, lining shoes, lightweight shoes, imported, fashion","Material: High quality Rubber and Faux Suede, Imported pointed toe flat shoes, soft cushioned foot-bed, light weight but durable, comfortable slip on flats, Heel measures 0.39 inch(1CM), Platform measures 0.20""(0.5CM).

UNIQUE DESIGN: Fashionable pointed toe Faux Suede flat shoes, loafer easy to wear, solid color brings you fashionable feeling, soft rubber bottom and cushioned foot-bed.  Comfort and fashion beyond your imagination.

Breathable insole and anti-skid soft durable sole, comfortable flat womens shoes. Best choice for your casual activities, you will not feel tired evev if you have walked for a long time.

Fashion and classic combined pointed toe flat shoes. Suitable occasion: Walking, wedding, home, office, shopping, dancing, driving, parties, holiday travel and so on.


Fast shipping, we guarantee fast logistics, usually 7-15 business days. Ballet ladies soft flat pointed toe shoes will make your pace more calm!",15.99,29.98,4,,http://img.feisenkj.com/img/am/233-7/02.jpg,http://img.feisenkj.com/img/am/233-7/01.jpg,http://img.feisenkj.com/img/am/233-7/03.jpg,,,,,,,,,
thy-wm-shoe-898,thy-wm-shoe-233-7-Khaki-8,Feisen Women's Pointed Toe Faux Suede Flat Shoe Ballet Casual Flats Comfort Soft Slip On Flats Khaki 8,Khaki,8,"881375960553 
",100,"flat shoes, womens shoes, slip on, toe shoes, toe flats, casual shoes, lining shoes, lightweight shoes, imported, fashion","Material: High quality Rubber and Faux Suede, Imported pointed toe flat shoes, soft cushioned foot-bed, light weight but durable, comfortable slip on flats, Heel measures 0.39 inch(1CM), Platform measures 0.20""(0.5CM).

UNIQUE DESIGN: Fashionable pointed toe Faux Suede flat shoes, loafer easy to wear, solid color brings you fashionable feeling, soft rubber bottom and cushioned foot-bed.  Comfort and fashion beyond your imagination.

Breathable insole and anti-skid soft durable sole, comfortable flat womens shoes. Best choice for your casual activities, you will not feel tired evev if you have walked for a long time.

Fashion and classic combined pointed toe flat shoes. Suitable occasion: Walking, wedding, home, office, shopping, dancing, driving, parties, holiday travel and so on.


Fast shipping, we guarantee fast logistics, usually 7-15 business days. Ballet ladies soft flat pointed toe shoes will make your pace more calm!",15.99,29.98,4,,http://img.feisenkj.com/img/am/233-7/02.jpg,http://img.feisenkj.com/img/am/233-7/01.jpg,http://img.feisenkj.com/img/am/233-7/03.jpg,,,,,,,,,
thy-wm-shoe-898,thy-wm-shoe-111-1-Pink-5.5,Feisen Women's Pointed Toe Faux Suede Flat Shoe Ballet Casual Flats Comfort Soft Slip On Flats Pink 5.5,Pink,5.5,"881375960614 
",100,"flat shoes, womens shoes, slip on, toe shoes, toe flats, casual shoes, lining shoes, lightweight shoes, imported, fashion","Material: High quality Rubber and Faux Suede, Imported pointed toe flat shoes, soft cushioned foot-bed, light weight but durable, comfortable slip on flats, Heel measures 0.39 inch(1CM), Platform measures 0.20""(0.5CM).

UNIQUE DESIGN: Fashionable pointed toe Faux Suede flat shoes, loafer easy to wear, solid color brings you fashionable feeling, soft rubber bottom and cushioned foot-bed.  Comfort and fashion beyond your imagination.

Breathable insole and anti-skid soft durable sole, comfortable flat womens shoes. Best choice for your casual activities, you will not feel tired evev if you have walked for a long time.

Fashion and classic combined pointed toe flat shoes. Suitable occasion: Walking, wedding, home, office, shopping, dancing, driving, parties, holiday travel and so on.


Fast shipping, we guarantee fast logistics, usually 7-15 business days. Ballet ladies soft flat pointed toe shoes will make your pace more calm!",15.99,29.98,4,,http://img.feisenkj.com/img/am/111-1/07.jpg,http://img.feisenkj.com/img/am/111-1/06.jpg,,,,,,,,,,
thy-wm-shoe-898,thy-wm-shoe-111-1-Pink-6.5,Feisen Women's Pointed Toe Faux Suede Flat Shoe Ballet Casual Flats Comfort Soft Slip On Flats Pink 6.5,Pink,6.5,"881375960621 
",100,"flat shoes, womens shoes, slip on, toe shoes, toe flats, casual shoes, lining shoes, lightweight shoes, imported, fashion","Material: High quality Rubber and Faux Suede, Imported pointed toe flat shoes, soft cushioned foot-bed, light weight but durable, comfortable slip on flats, Heel measures 0.39 inch(1CM), Platform measures 0.20""(0.5CM).

UNIQUE DESIGN: Fashionable pointed toe Faux Suede flat shoes, loafer easy to wear, solid color brings you fashionable feeling, soft rubber bottom and cushioned foot-bed.  Comfort and fashion beyond your imagination.

Breathable insole and anti-skid soft durable sole, comfortable flat womens shoes. Best choice for your casual activities, you will not feel tired evev if you have walked for a long time.

Fashion and classic combined pointed toe flat shoes. Suitable occasion: Walking, wedding, home, office, shopping, dancing, driving, parties, holiday travel and so on.


Fast shipping, we guarantee fast logistics, usually 7-15 business days. Ballet ladies soft flat pointed toe shoes will make your pace more calm!",15.99,29.98,4,,http://img.feisenkj.com/img/am/111-1/07.jpg,http://img.feisenkj.com/img/am/111-1/06.jpg,,,,,,,,,,
thy-wm-shoe-898,thy-wm-shoe-111-1-Pink-7,Feisen Women's Pointed Toe Faux Suede Flat Shoe Ballet Casual Flats Comfort Soft Slip On Flats Pink 7,Pink,7,"881375960638 
",100,"flat shoes, womens shoes, slip on, toe shoes, toe flats, casual shoes, lining shoes, lightweight shoes, imported, fashion","Material: High quality Rubber and Faux Suede, Imported pointed toe flat shoes, soft cushioned foot-bed, light weight but durable, comfortable slip on flats, Heel measures 0.39 inch(1CM), Platform measures 0.20""(0.5CM).

UNIQUE DESIGN: Fashionable pointed toe Faux Suede flat shoes, loafer easy to wear, solid color brings you fashionable feeling, soft rubber bottom and cushioned foot-bed.  Comfort and fashion beyond your imagination.

Breathable insole and anti-skid soft durable sole, comfortable flat womens shoes. Best choice for your casual activities, you will not feel tired evev if you have walked for a long time.

Fashion and classic combined pointed toe flat shoes. Suitable occasion: Walking, wedding, home, office, shopping, dancing, driving, parties, holiday travel and so on.


Fast shipping, we guarantee fast logistics, usually 7-15 business days. Ballet ladies soft flat pointed toe shoes will make your pace more calm!",15.99,29.98,4,,http://img.feisenkj.com/img/am/111-1/07.jpg,http://img.feisenkj.com/img/am/111-1/06.jpg,,,,,,,,,,
thy-wm-shoe-898,thy-wm-shoe-111-1-Pink-7.5,Feisen Women's Pointed Toe Faux Suede Flat Shoe Ballet Casual Flats Comfort Soft Slip On Flats Pink 7.5,Pink,7.5,"881375960645 
",100,"flat shoes, womens shoes, slip on, toe shoes, toe flats, casual shoes, lining shoes, lightweight shoes, imported, fashion","Material: High quality Rubber and Faux Suede, Imported pointed toe flat shoes, soft cushioned foot-bed, light weight but durable, comfortable slip on flats, Heel measures 0.39 inch(1CM), Platform measures 0.20""(0.5CM).

UNIQUE DESIGN: Fashionable pointed toe Faux Suede flat shoes, loafer easy to wear, solid color brings you fashionable feeling, soft rubber bottom and cushioned foot-bed.  Comfort and fashion beyond your imagination.

Breathable insole and anti-skid soft durable sole, comfortable flat womens shoes. Best choice for your casual activities, you will not feel tired evev if you have walked for a long time.

Fashion and classic combined pointed toe flat shoes. Suitable occasion: Walking, wedding, home, office, shopping, dancing, driving, parties, holiday travel and so on.


Fast shipping, we guarantee fast logistics, usually 7-15 business days. Ballet ladies soft flat pointed toe shoes will make your pace more calm!",15.99,29.98,4,,http://img.feisenkj.com/img/am/111-1/07.jpg,http://img.feisenkj.com/img/am/111-1/06.jpg,,,,,,,,,,
thy-wm-shoe-898,thy-wm-shoe-111-1-Pink-8,Feisen Women's Pointed Toe Faux Suede Flat Shoe Ballet Casual Flats Comfort Soft Slip On Flats Pink 8,Pink,8,"881375960652 
",100,"flat shoes, womens shoes, slip on, toe shoes, toe flats, casual shoes, lining shoes, lightweight shoes, imported, fashion","Material: High quality Rubber and Faux Suede, Imported pointed toe flat shoes, soft cushioned foot-bed, light weight but durable, comfortable slip on flats, Heel measures 0.39 inch(1CM), Platform measures 0.20""(0.5CM).

UNIQUE DESIGN: Fashionable pointed toe Faux Suede flat shoes, loafer easy to wear, solid color brings you fashionable feeling, soft rubber bottom and cushioned foot-bed.  Comfort and fashion beyond your imagination.

Breathable insole and anti-skid soft durable sole, comfortable flat womens shoes. Best choice for your casual activities, you will not feel tired evev if you have walked for a long time.

Fashion and classic combined pointed toe flat shoes. Suitable occasion: Walking, wedding, home, office, shopping, dancing, driving, parties, holiday travel and so on.


Fast shipping, we guarantee fast logistics, usually 7-15 business days. Ballet ladies soft flat pointed toe shoes will make your pace more calm!",15.99,29.98,4,,http://img.feisenkj.com/img/am/111-1/07.jpg,http://img.feisenkj.com/img/am/111-1/06.jpg,,,,,,,,,,
thy-wm-shoe-898,thy-wm-shoe-898-18-Brown-5.5,Feisen Women's Pointed Toe Faux Suede Flat Shoe Ballet Casual Flats Comfort Soft Slip On Flats Brown 5.5,Brown,5.5,"881375960812 
",100,"flat shoes, womens shoes, slip on, toe shoes, toe flats, casual shoes, lining shoes, lightweight shoes, imported, fashion","Material: High quality Rubber and Faux Suede, Imported pointed toe flat shoes, soft cushioned foot-bed, light weight but durable, comfortable slip on flats, Heel measures 0.39 inch(1CM), Platform measures 0.20""(0.5CM).

UNIQUE DESIGN: Fashionable pointed toe Faux Suede flat shoes, loafer easy to wear, solid color brings you fashionable feeling, soft rubber bottom and cushioned foot-bed.  Comfort and fashion beyond your imagination.

Breathable insole and anti-skid soft durable sole, comfortable flat womens shoes. Best choice for your casual activities, you will not feel tired evev if you have walked for a long time.

Fashion and classic combined pointed toe flat shoes. Suitable occasion: Walking, wedding, home, office, shopping, dancing, driving, parties, holiday travel and so on.


Fast shipping, we guarantee fast logistics, usually 7-15 business days. Ballet ladies soft flat pointed toe shoes will make your pace more calm!",15.99,29.98,4,,http://img.feisenkj.com/img/am/898-18/02.jpg,http://img.feisenkj.com/img/am/898-18/01.jpg,,,,,,,,,,
thy-wm-shoe-898,thy-wm-shoe-898-18-Brown-6.5,Feisen Women's Pointed Toe Faux Suede Flat Shoe Ballet Casual Flats Comfort Soft Slip On Flats Brown 6.5,Brown,6.5,"881375960829 
",100,"flat shoes, womens shoes, slip on, toe shoes, toe flats, casual shoes, lining shoes, lightweight shoes, imported, fashion","Material: High quality Rubber and Faux Suede, Imported pointed toe flat shoes, soft cushioned foot-bed, light weight but durable, comfortable slip on flats, Heel measures 0.39 inch(1CM), Platform measures 0.20""(0.5CM).

UNIQUE DESIGN: Fashionable pointed toe Faux Suede flat shoes, loafer easy to wear, solid color brings you fashionable feeling, soft rubber bottom and cushioned foot-bed.  Comfort and fashion beyond your imagination.

Breathable insole and anti-skid soft durable sole, comfortable flat womens shoes. Best choice for your casual activities, you will not feel tired evev if you have walked for a long time.

Fashion and classic combined pointed toe flat shoes. Suitable occasion: Walking, wedding, home, office, shopping, dancing, driving, parties, holiday travel and so on.


Fast shipping, we guarantee fast logistics, usually 7-15 business days. Ballet ladies soft flat pointed toe shoes will make your pace more calm!",15.99,29.98,4,,http://img.feisenkj.com/img/am/898-18/02.jpg,http://img.feisenkj.com/img/am/898-18/01.jpg,,,,,,,,,,
thy-wm-shoe-898,thy-wm-shoe-898-18-Brown-7,Feisen Women's Pointed Toe Faux Suede Flat Shoe Ballet Casual Flats Comfort Soft Slip On Flats Brown 7,Brown,7,"881375960836 
",100,"flat shoes, womens shoes, slip on, toe shoes, toe flats, casual shoes, lining shoes, lightweight shoes, imported, fashion","Material: High quality Rubber and Faux Suede, Imported pointed toe flat shoes, soft cushioned foot-bed, light weight but durable, comfortable slip on flats, Heel measures 0.39 inch(1CM), Platform measures 0.20""(0.5CM).

UNIQUE DESIGN: Fashionable pointed toe Faux Suede flat shoes, loafer easy to wear, solid color brings you fashionable feeling, soft rubber bottom and cushioned foot-bed.  Comfort and fashion beyond your imagination.

Breathable insole and anti-skid soft durable sole, comfortable flat womens shoes. Best choice for your casual activities, you will not feel tired evev if you have walked for a long time.

Fashion and classic combined pointed toe flat shoes. Suitable occasion: Walking, wedding, home, office, shopping, dancing, driving, parties, holiday travel and so on.


Fast shipping, we guarantee fast logistics, usually 7-15 business days. Ballet ladies soft flat pointed toe shoes will make your pace more calm!",15.99,29.98,4,,http://img.feisenkj.com/img/am/898-18/02.jpg,http://img.feisenkj.com/img/am/898-18/01.jpg,,,,,,,,,,
thy-wm-shoe-898,thy-wm-shoe-898-18-Brown-7.5,Feisen Women's Pointed Toe Faux Suede Flat Shoe Ballet Casual Flats Comfort Soft Slip On Flats Brown 7.5,Brown,7.5,"881375960843 
",100,"flat shoes, womens shoes, slip on, toe shoes, toe flats, casual shoes, lining shoes, lightweight shoes, imported, fashion","Material: High quality Rubber and Faux Suede, Imported pointed toe flat shoes, soft cushioned foot-bed, light weight but durable, comfortable slip on flats, Heel measures 0.39 inch(1CM), Platform measures 0.20""(0.5CM).

UNIQUE DESIGN: Fashionable pointed toe Faux Suede flat shoes, loafer easy to wear, solid color brings you fashionable feeling, soft rubber bottom and cushioned foot-bed.  Comfort and fashion beyond your imagination.

Breathable insole and anti-skid soft durable sole, comfortable flat womens shoes. Best choice for your casual activities, you will not feel tired evev if you have walked for a long time.

Fashion and classic combined pointed toe flat shoes. Suitable occasion: Walking, wedding, home, office, shopping, dancing, driving, parties, holiday travel and so on.


Fast shipping, we guarantee fast logistics, usually 7-15 business days. Ballet ladies soft flat pointed toe shoes will make your pace more calm!",15.99,29.98,4,,http://img.feisenkj.com/img/am/898-18/02.jpg,http://img.feisenkj.com/img/am/898-18/01.jpg,,,,,,,,,,
thy-wm-shoe-898,thy-wm-shoe-898-18-Brown-8,Feisen Women's Pointed Toe Faux Suede Flat Shoe Ballet Casual Flats Comfort Soft Slip On Flats Brown 8,Brown,8,"881375960850 
",100,"flat shoes, womens shoes, slip on, toe shoes, toe flats, casual shoes, lining shoes, lightweight shoes, imported, fashion","Material: High quality Rubber and Faux Suede, Imported pointed toe flat shoes, soft cushioned foot-bed, light weight but durable, comfortable slip on flats, Heel measures 0.39 inch(1CM), Platform measures 0.20""(0.5CM).

UNIQUE DESIGN: Fashionable pointed toe Faux Suede flat shoes, loafer easy to wear, solid color brings you fashionable feeling, soft rubber bottom and cushioned foot-bed.  Comfort and fashion beyond your imagination.

Breathable insole and anti-skid soft durable sole, comfortable flat womens shoes. Best choice for your casual activities, you will not feel tired evev if you have walked for a long time.

Fashion and classic combined pointed toe flat shoes. Suitable occasion: Walking, wedding, home, office, shopping, dancing, driving, parties, holiday travel and so on.


Fast shipping, we guarantee fast logistics, usually 7-15 business days. Ballet ladies soft flat pointed toe shoes will make your pace more calm!",15.99,29.98,4,,http://img.feisenkj.com/img/am/898-18/02.jpg,http://img.feisenkj.com/img/am/898-18/01.jpg,,,,,,,,,,
thy-wm-shoe-898,thy-wm-shoe-301-11-Green-5.5,Feisen Women's Pointed Toe Faux Suede Flat Shoe Ballet Casual Flats Comfort Soft Slip On Flats Green 5.5,Green,5.5,881375961703,100,"flat shoes, womens shoes, slip on, toe shoes, toe flats, casual shoes, lining shoes, lightweight shoes, imported, fashion","Material: High quality Rubber and Faux Suede, Imported pointed toe flat shoes, soft cushioned foot-bed, light weight but durable, comfortable slip on flats, Heel measures 0.39 inch(1CM), Platform measures 0.20""(0.5CM).

UNIQUE DESIGN: Fashionable pointed toe Faux Suede flat shoes, loafer easy to wear, solid color brings you fashionable feeling, soft rubber bottom and cushioned foot-bed.  Comfort and fashion beyond your imagination.

Breathable insole and anti-skid soft durable sole, comfortable flat womens shoes. Best choice for your casual activities, you will not feel tired evev if you have walked for a long time.

Fashion and classic combined pointed toe flat shoes. Suitable occasion: Walking, wedding, home, office, shopping, dancing, driving, parties, holiday travel and so on.


Fast shipping, we guarantee fast logistics, usually 7-15 business days. Ballet ladies soft flat pointed toe shoes will make your pace more calm!",15.99,29.98,4,,http://img.feisenkj.com/img/am/301-11/02.jpg,http://img.feisenkj.com/img/am/301-11/01.jpg,,,,,,,,,,
thy-wm-shoe-898,thy-wm-shoe-301-11-Green-6.5,Feisen Women's Pointed Toe Faux Suede Flat Shoe Ballet Casual Flats Comfort Soft Slip On Flats Green 6.5,Green,6.5,881375961710,100,"flat shoes, womens shoes, slip on, toe shoes, toe flats, casual shoes, lining shoes, lightweight shoes, imported, fashion","Material: High quality Rubber and Faux Suede, Imported pointed toe flat shoes, soft cushioned foot-bed, light weight but durable, comfortable slip on flats, Heel measures 0.39 inch(1CM), Platform measures 0.20""(0.5CM).

UNIQUE DESIGN: Fashionable pointed toe Faux Suede flat shoes, loafer easy to wear, solid color brings you fashionable feeling, soft rubber bottom and cushioned foot-bed.  Comfort and fashion beyond your imagination.

Breathable insole and anti-skid soft durable sole, comfortable flat womens shoes. Best choice for your casual activities, you will not feel tired evev if you have walked for a long time.

Fashion and classic combined pointed toe flat shoes. Suitable occasion: Walking, wedding, home, office, shopping, dancing, driving, parties, holiday travel and so on.


Fast shipping, we guarantee fast logistics, usually 7-15 business days. Ballet ladies soft flat pointed toe shoes will make your pace more calm!",15.99,29.98,4,,http://img.feisenkj.com/img/am/301-11/02.jpg,http://img.feisenkj.com/img/am/301-11/01.jpg,,,,,,,,,,
thy-wm-shoe-898,thy-wm-shoe-301-11-Green-7,Feisen Women's Pointed Toe Faux Suede Flat Shoe Ballet Casual Flats Comfort Soft Slip On Flats Green 7,Green,7,881375961727,100,"flat shoes, womens shoes, slip on, toe shoes, toe flats, casual shoes, lining shoes, lightweight shoes, imported, fashion","Material: High quality Rubber and Faux Suede, Imported pointed toe flat shoes, soft cushioned foot-bed, light weight but durable, comfortable slip on flats, Heel measures 0.39 inch(1CM), Platform measures 0.20""(0.5CM).

UNIQUE DESIGN: Fashionable pointed toe Faux Suede flat shoes, loafer easy to wear, solid color brings you fashionable feeling, soft rubber bottom and cushioned foot-bed.  Comfort and fashion beyond your imagination.

Breathable insole and anti-skid soft durable sole, comfortable flat womens shoes. Best choice for your casual activities, you will not feel tired evev if you have walked for a long time.

Fashion and classic combined pointed toe flat shoes. Suitable occasion: Walking, wedding, home, office, shopping, dancing, driving, parties, holiday travel and so on.


Fast shipping, we guarantee fast logistics, usually 7-15 business days. Ballet ladies soft flat pointed toe shoes will make your pace more calm!",15.99,29.98,4,,http://img.feisenkj.com/img/am/301-11/02.jpg,http://img.feisenkj.com/img/am/301-11/01.jpg,,,,,,,,,,
thy-wm-shoe-898,thy-wm-shoe-301-11-Green-7.5,Feisen Women's Pointed Toe Faux Suede Flat Shoe Ballet Casual Flats Comfort Soft Slip On Flats Green 7.5,Green,7.5,881375961734,100,"flat shoes, womens shoes, slip on, toe shoes, toe flats, casual shoes, lining shoes, lightweight shoes, imported, fashion","Material: High quality Rubber and Faux Suede, Imported pointed toe flat shoes, soft cushioned foot-bed, light weight but durable, comfortable slip on flats, Heel measures 0.39 inch(1CM), Platform measures 0.20""(0.5CM).

UNIQUE DESIGN: Fashionable pointed toe Faux Suede flat shoes, loafer easy to wear, solid color brings you fashionable feeling, soft rubber bottom and cushioned foot-bed.  Comfort and fashion beyond your imagination.

Breathable insole and anti-skid soft durable sole, comfortable flat womens shoes. Best choice for your casual activities, you will not feel tired evev if you have walked for a long time.

Fashion and classic combined pointed toe flat shoes. Suitable occasion: Walking, wedding, home, office, shopping, dancing, driving, parties, holiday travel and so on.


Fast shipping, we guarantee fast logistics, usually 7-15 business days. Ballet ladies soft flat pointed toe shoes will make your pace more calm!",15.99,29.98,4,,http://img.feisenkj.com/img/am/301-11/02.jpg,http://img.feisenkj.com/img/am/301-11/01.jpg,,,,,,,,,,
thy-wm-shoe-898,thy-wm-shoe-301-11-Green-8,Feisen Women's Pointed Toe Faux Suede Flat Shoe Ballet Casual Flats Comfort Soft Slip On Flats Green 8,Green,8,881375961741,100,"flat shoes, womens shoes, slip on, toe shoes, toe flats, casual shoes, lining shoes, lightweight shoes, imported, fashion","Material: High quality Rubber and Faux Suede, Imported pointed toe flat shoes, soft cushioned foot-bed, light weight but durable, comfortable slip on flats, Heel measures 0.39 inch(1CM), Platform measures 0.20""(0.5CM).

UNIQUE DESIGN: Fashionable pointed toe Faux Suede flat shoes, loafer easy to wear, solid color brings you fashionable feeling, soft rubber bottom and cushioned foot-bed.  Comfort and fashion beyond your imagination.

Breathable insole and anti-skid soft durable sole, comfortable flat womens shoes. Best choice for your casual activities, you will not feel tired evev if you have walked for a long time.

Fashion and classic combined pointed toe flat shoes. Suitable occasion: Walking, wedding, home, office, shopping, dancing, driving, parties, holiday travel and so on.


Fast shipping, we guarantee fast logistics, usually 7-15 business days. Ballet ladies soft flat pointed toe shoes will make your pace more calm!",15.99,29.98,4,,http://img.feisenkj.com/img/am/301-11/02.jpg,http://img.feisenkj.com/img/am/301-11/01.jpg,,,,,,,,,,
thy-wm-shoe-898,thy-wm-shoe-898-23-Apricot-5.5,Feisen Women's Pointed Toe Faux Suede Flat Shoe Ballet Casual Flats Comfort Soft Slip On Flats Apricot 5.5,Apricot,5.5,881375961758,100,"flat shoes, womens shoes, slip on, toe shoes, toe flats, casual shoes, lining shoes, lightweight shoes, imported, fashion","Material: High quality Rubber and Faux Suede, Imported pointed toe flat shoes, soft cushioned foot-bed, light weight but durable, comfortable slip on flats, Heel measures 0.39 inch(1CM), Platform measures 0.20""(0.5CM).

UNIQUE DESIGN: Fashionable pointed toe Faux Suede flat shoes, loafer easy to wear, solid color brings you fashionable feeling, soft rubber bottom and cushioned foot-bed.  Comfort and fashion beyond your imagination.

Breathable insole and anti-skid soft durable sole, comfortable flat womens shoes. Best choice for your casual activities, you will not feel tired evev if you have walked for a long time.

Fashion and classic combined pointed toe flat shoes. Suitable occasion: Walking, wedding, home, office, shopping, dancing, driving, parties, holiday travel and so on.


Fast shipping, we guarantee fast logistics, usually 7-15 business days. Ballet ladies soft flat pointed toe shoes will make your pace more calm!",15.99,29.98,4,,http://img.feisenkj.com/img/am/898-23/02.jpg,http://img.feisenkj.com/img/am/898-23/01.jpg,http://img.feisenkj.com/img/am/898-23/03.jpg,http://img.feisenkj.com/img/am/898-23/04.jpg,,,,,,,,
thy-wm-shoe-898,thy-wm-shoe-898-23-Apricot-6.5,Feisen Women's Pointed Toe Faux Suede Flat Shoe Ballet Casual Flats Comfort Soft Slip On Flats Apricot 6.5,Apricot,6.5,881375961765,100,"flat shoes, womens shoes, slip on, toe shoes, toe flats, casual shoes, lining shoes, lightweight shoes, imported, fashion","Material: High quality Rubber and Faux Suede, Imported pointed toe flat shoes, soft cushioned foot-bed, light weight but durable, comfortable slip on flats, Heel measures 0.39 inch(1CM), Platform measures 0.20""(0.5CM).

UNIQUE DESIGN: Fashionable pointed toe Faux Suede flat shoes, loafer easy to wear, solid color brings you fashionable feeling, soft rubber bottom and cushioned foot-bed.  Comfort and fashion beyond your imagination.

Breathable insole and anti-skid soft durable sole, comfortable flat womens shoes. Best choice for your casual activities, you will not feel tired evev if you have walked for a long time.

Fashion and classic combined pointed toe flat shoes. Suitable occasion: Walking, wedding, home, office, shopping, dancing, driving, parties, holiday travel and so on.


Fast shipping, we guarantee fast logistics, usually 7-15 business days. Ballet ladies soft flat pointed toe shoes will make your pace more calm!",15.99,29.98,4,,http://img.feisenkj.com/img/am/898-23/02.jpg,http://img.feisenkj.com/img/am/898-23/01.jpg,http://img.feisenkj.com/img/am/898-23/03.jpg,http://img.feisenkj.com/img/am/898-23/04.jpg,,,,,,,,
thy-wm-shoe-898,thy-wm-shoe-898-23-Apricot-7,Feisen Women's Pointed Toe Faux Suede Flat Shoe Ballet Casual Flats Comfort Soft Slip On Flats Apricot 7,Apricot,7,881375961772,100,"flat shoes, womens shoes, slip on, toe shoes, toe flats, casual shoes, lining shoes, lightweight shoes, imported, fashion","Material: High quality Rubber and Faux Suede, Imported pointed toe flat shoes, soft cushioned foot-bed, light weight but durable, comfortable slip on flats, Heel measures 0.39 inch(1CM), Platform measures 0.20""(0.5CM).

UNIQUE DESIGN: Fashionable pointed toe Faux Suede flat shoes, loafer easy to wear, solid color brings you fashionable feeling, soft rubber bottom and cushioned foot-bed.  Comfort and fashion beyond your imagination.

Breathable insole and anti-skid soft durable sole, comfortable flat womens shoes. Best choice for your casual activities, you will not feel tired evev if you have walked for a long time.

Fashion and classic combined pointed toe flat shoes. Suitable occasion: Walking, wedding, home, office, shopping, dancing, driving, parties, holiday travel and so on.


Fast shipping, we guarantee fast logistics, usually 7-15 business days. Ballet ladies soft flat pointed toe shoes will make your pace more calm!",15.99,29.98,4,,http://img.feisenkj.com/img/am/898-23/02.jpg,http://img.feisenkj.com/img/am/898-23/01.jpg,http://img.feisenkj.com/img/am/898-23/03.jpg,http://img.feisenkj.com/img/am/898-23/04.jpg,,,,,,,,
thy-wm-shoe-898,thy-wm-shoe-898-23-Apricot-7.5,Feisen Women's Pointed Toe Faux Suede Flat Shoe Ballet Casual Flats Comfort Soft Slip On Flats Apricot 7.5,Apricot,7.5,881375961789,100,"flat shoes, womens shoes, slip on, toe shoes, toe flats, casual shoes, lining shoes, lightweight shoes, imported, fashion","Material: High quality Rubber and Faux Suede, Imported pointed toe flat shoes, soft cushioned foot-bed, light weight but durable, comfortable slip on flats, Heel measures 0.39 inch(1CM), Platform measures 0.20""(0.5CM).

UNIQUE DESIGN: Fashionable pointed toe Faux Suede flat shoes, loafer easy to wear, solid color brings you fashionable feeling, soft rubber bottom and cushioned foot-bed.  Comfort and fashion beyond your imagination.

Breathable insole and anti-skid soft durable sole, comfortable flat womens shoes. Best choice for your casual activities, you will not feel tired evev if you have walked for a long time.

Fashion and classic combined pointed toe flat shoes. Suitable occasion: Walking, wedding, home, office, shopping, dancing, driving, parties, holiday travel and so on.


Fast shipping, we guarantee fast logistics, usually 7-15 business days. Ballet ladies soft flat pointed toe shoes will make your pace more calm!",15.99,29.98,4,,http://img.feisenkj.com/img/am/898-23/02.jpg,http://img.feisenkj.com/img/am/898-23/01.jpg,http://img.feisenkj.com/img/am/898-23/03.jpg,http://img.feisenkj.com/img/am/898-23/04.jpg,,,,,,,,
thy-wm-shoe-898,thy-wm-shoe-898-23-Apricot-8,Feisen Women's Pointed Toe Faux Suede Flat Shoe Ballet Casual Flats Comfort Soft Slip On Flats Apricot 8,Apricot,8,881375961796,100,"flat shoes, womens shoes, slip on, toe shoes, toe flats, casual shoes, lining shoes, lightweight shoes, imported, fashion","Material: High quality Rubber and Faux Suede, Imported pointed toe flat shoes, soft cushioned foot-bed, light weight but durable, comfortable slip on flats, Heel measures 0.39 inch(1CM), Platform measures 0.20""(0.5CM).

UNIQUE DESIGN: Fashionable pointed toe Faux Suede flat shoes, loafer easy to wear, solid color brings you fashionable feeling, soft rubber bottom and cushioned foot-bed.  Comfort and fashion beyond your imagination.

Breathable insole and anti-skid soft durable sole, comfortable flat womens shoes. Best choice for your casual activities, you will not feel tired evev if you have walked for a long time.

Fashion and classic combined pointed toe flat shoes. Suitable occasion: Walking, wedding, home, office, shopping, dancing, driving, parties, holiday travel and so on.


Fast shipping, we guarantee fast logistics, usually 7-15 business days. Ballet ladies soft flat pointed toe shoes will make your pace more calm!",15.99,29.98,4,,http://img.feisenkj.com/img/am/898-23/02.jpg,http://img.feisenkj.com/img/am/898-23/01.jpg,http://img.feisenkj.com/img/am/898-23/03.jpg,http://img.feisenkj.com/img/am/898-23/04.jpg,,,,,,,,
