Parent Unique ID,*Unique ID,*Product Name,Color,Size,*Quantity,*Tags,Description,*Price,MSRP,*Shipping,*Main Image URL,Extra Image URL,Extra Image URL 1,Extra Image URL 2,Extra Image URL 3,Extra Image URL 4,Extra Image URL 5,Extra Image URL 6,Extra Image URL 7,Extra Image URL 8,Extra Image URL 9,Extra Image URL 10,UPC
zsl-shoes-men-wzxyk15,zsl-shoes-men-wzxyk15-blue-7,Threelove Men's Breathable and Wearable Fashion Sneakers Outdoor Sports Casual Comfortable Walking Cross Training Running Shoes blue,blue,7,90,"sneakers, red shoes, slippers, mens shoes, running shoes, sports shoes, boys shoes, casual shoes, basketball shoes, running shoes men","Dear customer, welcome to our store! We will provide you high quality products. 
	Please choose the right size before you buy our items. 

	Shoes features:
	flyknit screen cloth  
	rubber big bottom running shoe  
	anti-skidding durable anti-friction
	siper light and quick dry  
	flyknit screen side 
	big hole design
	material is air cushion

	please bother us if you have questions!",27.99,69.99,6,http://img.hejiegm.cn/img/am/wzxyk15/blue/06.jpg,http://img.hejiegm.cn/img/am/wzxyk15/blue/07.jpg,http://img.hejiegm.cn/img/am/wzxyk15/blue/08.jpg,http://img.hejiegm.cn/img/am/wzxyk15/blue/09.jpg,http://img.hejiegm.cn/img/am/wzxyk15/blue/10.jpg,,,,,,,,"826539587702
"
zsl-shoes-men-wzxyk15,zsl-shoes-men-wzxyk15-blue-7.5,Threelove Men's Breathable and Wearable Fashion Sneakers Outdoor Sports Casual Comfortable Walking Cross Training Running Shoes blue,blue,7.5,90,"sneakers, red shoes, slippers, mens shoes, running shoes, sports shoes, boys shoes, casual shoes, basketball shoes, running shoes men","Dear customer, welcome to our store! We will provide you high quality products. 
	Please choose the right size before you buy our items. 

	Shoes features:
	flyknit screen cloth  
	rubber big bottom running shoe  
	anti-skidding durable anti-friction
	siper light and quick dry  
	flyknit screen side 
	big hole design
	material is air cushion

	please bother us if you have questions!",27.99,69.99,6,http://img.hejiegm.cn/img/am/wzxyk15/blue/06.jpg,http://img.hejiegm.cn/img/am/wzxyk15/blue/07.jpg,http://img.hejiegm.cn/img/am/wzxyk15/blue/08.jpg,http://img.hejiegm.cn/img/am/wzxyk15/blue/09.jpg,http://img.hejiegm.cn/img/am/wzxyk15/blue/10.jpg,,,,,,,,"826539587719
"
zsl-shoes-men-wzxyk15,zsl-shoes-men-wzxyk15-blue-8.5,Threelove Men's Breathable and Wearable Fashion Sneakers Outdoor Sports Casual Comfortable Walking Cross Training Running Shoes blue,blue,8.5,90,"sneakers, red shoes, slippers, mens shoes, running shoes, sports shoes, boys shoes, casual shoes, basketball shoes, running shoes men","Dear customer, welcome to our store! We will provide you high quality products. 
	Please choose the right size before you buy our items. 

	Shoes features:
	flyknit screen cloth  
	rubber big bottom running shoe  
	anti-skidding durable anti-friction
	siper light and quick dry  
	flyknit screen side 
	big hole design
	material is air cushion

	please bother us if you have questions!",27.99,69.99,6,http://img.hejiegm.cn/img/am/wzxyk15/blue/06.jpg,http://img.hejiegm.cn/img/am/wzxyk15/blue/07.jpg,http://img.hejiegm.cn/img/am/wzxyk15/blue/08.jpg,http://img.hejiegm.cn/img/am/wzxyk15/blue/09.jpg,http://img.hejiegm.cn/img/am/wzxyk15/blue/10.jpg,,,,,,,,"826539587726
"
zsl-shoes-men-wzxyk15,zsl-shoes-men-wzxyk15-blue-9,Threelove Men's Breathable and Wearable Fashion Sneakers Outdoor Sports Casual Comfortable Walking Cross Training Running Shoes blue,blue,9,90,"sneakers, red shoes, slippers, mens shoes, running shoes, sports shoes, boys shoes, casual shoes, basketball shoes, running shoes men","Dear customer, welcome to our store! We will provide you high quality products. 
	Please choose the right size before you buy our items. 

	Shoes features:
	flyknit screen cloth  
	rubber big bottom running shoe  
	anti-skidding durable anti-friction
	siper light and quick dry  
	flyknit screen side 
	big hole design
	material is air cushion

	please bother us if you have questions!",27.99,69.99,6,http://img.hejiegm.cn/img/am/wzxyk15/blue/06.jpg,http://img.hejiegm.cn/img/am/wzxyk15/blue/07.jpg,http://img.hejiegm.cn/img/am/wzxyk15/blue/08.jpg,http://img.hejiegm.cn/img/am/wzxyk15/blue/09.jpg,http://img.hejiegm.cn/img/am/wzxyk15/blue/10.jpg,,,,,,,,"826539587733
"
zsl-shoes-men-wzxyk15,zsl-shoes-men-wzxyk15-blue-9.5,Threelove Men's Breathable and Wearable Fashion Sneakers Outdoor Sports Casual Comfortable Walking Cross Training Running Shoes blue,blue,9.5,90,"sneakers, red shoes, slippers, mens shoes, running shoes, sports shoes, boys shoes, casual shoes, basketball shoes, running shoes men","Dear customer, welcome to our store! We will provide you high quality products. 
	Please choose the right size before you buy our items. 

	Shoes features:
	flyknit screen cloth  
	rubber big bottom running shoe  
	anti-skidding durable anti-friction
	siper light and quick dry  
	flyknit screen side 
	big hole design
	material is air cushion

	please bother us if you have questions!",27.99,69.99,6,http://img.hejiegm.cn/img/am/wzxyk15/blue/06.jpg,http://img.hejiegm.cn/img/am/wzxyk15/blue/07.jpg,http://img.hejiegm.cn/img/am/wzxyk15/blue/08.jpg,http://img.hejiegm.cn/img/am/wzxyk15/blue/09.jpg,http://img.hejiegm.cn/img/am/wzxyk15/blue/10.jpg,,,,,,,,"826539587740
"
zsl-shoes-men-wzxyk15,zsl-shoes-men-wzxyk15-blue-10,Threelove Men's Breathable and Wearable Fashion Sneakers Outdoor Sports Casual Comfortable Walking Cross Training Running Shoes blue,blue,10,90,"sneakers, red shoes, slippers, mens shoes, running shoes, sports shoes, boys shoes, casual shoes, basketball shoes, running shoes men","Dear customer, welcome to our store! We will provide you high quality products. 
	Please choose the right size before you buy our items. 

	Shoes features:
	flyknit screen cloth  
	rubber big bottom running shoe  
	anti-skidding durable anti-friction
	siper light and quick dry  
	flyknit screen side 
	big hole design
	material is air cushion

	please bother us if you have questions!",27.99,69.99,6,http://img.hejiegm.cn/img/am/wzxyk15/blue/06.jpg,http://img.hejiegm.cn/img/am/wzxyk15/blue/07.jpg,http://img.hejiegm.cn/img/am/wzxyk15/blue/08.jpg,http://img.hejiegm.cn/img/am/wzxyk15/blue/09.jpg,http://img.hejiegm.cn/img/am/wzxyk15/blue/10.jpg,,,,,,,,"826539587757
"
zsl-shoes-men-wzxyk15,zsl-shoes-men-wzxyk15-grey & red-7,Threelove Men's Breathable and Wearable Fashion Sneakers Outdoor Sports Casual Comfortable Walking Cross Training Running Shoes grey & red,grey & red,7,90,"sneakers, red shoes, slippers, mens shoes, running shoes, sports shoes, boys shoes, casual shoes, basketball shoes, running shoes men","Dear customer, welcome to our store! We will provide you high quality products. 
	Please choose the right size before you buy our items. 

	Shoes features:
	flyknit screen cloth  
	rubber big bottom running shoe  
	anti-skidding durable anti-friction
	siper light and quick dry  
	flyknit screen side 
	big hole design
	material is air cushion

	please bother us if you have questions!",27.99,69.99,6,http://img.hejiegm.cn/img/am/wzxyk15/grey & red/01.jpg,http://img.hejiegm.cn/img/am/wzxyk15/grey & red/02.jpg,http://img.hejiegm.cn/img/am/wzxyk15/grey & red/03.jpg,http://img.hejiegm.cn/img/am/wzxyk15/grey & red/04.jpg,http://img.hejiegm.cn/img/am/wzxyk15/grey & red/05.jpg,,,,,,,,"826539587764
"
zsl-shoes-men-wzxyk15,zsl-shoes-men-wzxyk15-grey & red-7.5,Threelove Men's Breathable and Wearable Fashion Sneakers Outdoor Sports Casual Comfortable Walking Cross Training Running Shoes grey & red,grey & red,7.5,90,"sneakers, red shoes, slippers, mens shoes, running shoes, sports shoes, boys shoes, casual shoes, basketball shoes, running shoes men","Dear customer, welcome to our store! We will provide you high quality products. 
	Please choose the right size before you buy our items. 

	Shoes features:
	flyknit screen cloth  
	rubber big bottom running shoe  
	anti-skidding durable anti-friction
	siper light and quick dry  
	flyknit screen side 
	big hole design
	material is air cushion

	please bother us if you have questions!",27.99,69.99,6,http://img.hejiegm.cn/img/am/wzxyk15/grey & red/01.jpg,http://img.hejiegm.cn/img/am/wzxyk15/grey & red/02.jpg,http://img.hejiegm.cn/img/am/wzxyk15/grey & red/03.jpg,http://img.hejiegm.cn/img/am/wzxyk15/grey & red/04.jpg,http://img.hejiegm.cn/img/am/wzxyk15/grey & red/05.jpg,,,,,,,,"826539587771
"
zsl-shoes-men-wzxyk15,zsl-shoes-men-wzxyk15-grey & red-8.5,Threelove Men's Breathable and Wearable Fashion Sneakers Outdoor Sports Casual Comfortable Walking Cross Training Running Shoes grey & red,grey & red,8.5,90,"sneakers, red shoes, slippers, mens shoes, running shoes, sports shoes, boys shoes, casual shoes, basketball shoes, running shoes men","Dear customer, welcome to our store! We will provide you high quality products. 
	Please choose the right size before you buy our items. 

	Shoes features:
	flyknit screen cloth  
	rubber big bottom running shoe  
	anti-skidding durable anti-friction
	siper light and quick dry  
	flyknit screen side 
	big hole design
	material is air cushion

	please bother us if you have questions!",27.99,69.99,6,http://img.hejiegm.cn/img/am/wzxyk15/grey & red/01.jpg,http://img.hejiegm.cn/img/am/wzxyk15/grey & red/02.jpg,http://img.hejiegm.cn/img/am/wzxyk15/grey & red/03.jpg,http://img.hejiegm.cn/img/am/wzxyk15/grey & red/04.jpg,http://img.hejiegm.cn/img/am/wzxyk15/grey & red/05.jpg,,,,,,,,"826539587788
"
zsl-shoes-men-wzxyk15,zsl-shoes-men-wzxyk15-grey & red-9,Threelove Men's Breathable and Wearable Fashion Sneakers Outdoor Sports Casual Comfortable Walking Cross Training Running Shoes grey & red,grey & red,9,90,"sneakers, red shoes, slippers, mens shoes, running shoes, sports shoes, boys shoes, casual shoes, basketball shoes, running shoes men","Dear customer, welcome to our store! We will provide you high quality products. 
	Please choose the right size before you buy our items. 

	Shoes features:
	flyknit screen cloth  
	rubber big bottom running shoe  
	anti-skidding durable anti-friction
	siper light and quick dry  
	flyknit screen side 
	big hole design
	material is air cushion

	please bother us if you have questions!",27.99,69.99,6,http://img.hejiegm.cn/img/am/wzxyk15/grey & red/01.jpg,http://img.hejiegm.cn/img/am/wzxyk15/grey & red/02.jpg,http://img.hejiegm.cn/img/am/wzxyk15/grey & red/03.jpg,http://img.hejiegm.cn/img/am/wzxyk15/grey & red/04.jpg,http://img.hejiegm.cn/img/am/wzxyk15/grey & red/05.jpg,,,,,,,,"826539587795
"
zsl-shoes-men-wzxyk15,zsl-shoes-men-wzxyk15-grey & red-9.5,Threelove Men's Breathable and Wearable Fashion Sneakers Outdoor Sports Casual Comfortable Walking Cross Training Running Shoes grey & red,grey & red,9.5,90,"sneakers, red shoes, slippers, mens shoes, running shoes, sports shoes, boys shoes, casual shoes, basketball shoes, running shoes men","Dear customer, welcome to our store! We will provide you high quality products. 
	Please choose the right size before you buy our items. 

	Shoes features:
	flyknit screen cloth  
	rubber big bottom running shoe  
	anti-skidding durable anti-friction
	siper light and quick dry  
	flyknit screen side 
	big hole design
	material is air cushion

	please bother us if you have questions!",27.99,69.99,6,http://img.hejiegm.cn/img/am/wzxyk15/grey & red/01.jpg,http://img.hejiegm.cn/img/am/wzxyk15/grey & red/02.jpg,http://img.hejiegm.cn/img/am/wzxyk15/grey & red/03.jpg,http://img.hejiegm.cn/img/am/wzxyk15/grey & red/04.jpg,http://img.hejiegm.cn/img/am/wzxyk15/grey & red/05.jpg,,,,,,,,"826539587801
"
zsl-shoes-men-wzxyk15,zsl-shoes-men-wzxyk15-grey & red-10,Threelove Men's Breathable and Wearable Fashion Sneakers Outdoor Sports Casual Comfortable Walking Cross Training Running Shoes grey & red,grey & red,10,90,"sneakers, red shoes, slippers, mens shoes, running shoes, sports shoes, boys shoes, casual shoes, basketball shoes, running shoes men","Dear customer, welcome to our store! We will provide you high quality products. 
	Please choose the right size before you buy our items. 

	Shoes features:
	flyknit screen cloth  
	rubber big bottom running shoe  
	anti-skidding durable anti-friction
	siper light and quick dry  
	flyknit screen side 
	big hole design
	material is air cushion

	please bother us if you have questions!",27.99,69.99,6,http://img.hejiegm.cn/img/am/wzxyk15/grey & red/01.jpg,http://img.hejiegm.cn/img/am/wzxyk15/grey & red/02.jpg,http://img.hejiegm.cn/img/am/wzxyk15/grey & red/03.jpg,http://img.hejiegm.cn/img/am/wzxyk15/grey & red/04.jpg,http://img.hejiegm.cn/img/am/wzxyk15/grey & red/05.jpg,,,,,,,,"826539587818
"
zsl-shoes-men-wzxyk15,zsl-shoes-men-wzxyk15-orange-7,Threelove Men's Breathable and Wearable Fashion Sneakers Outdoor Sports Casual Comfortable Walking Cross Training Running Shoes orange,orange,7,90,"sneakers, red shoes, slippers, mens shoes, running shoes, sports shoes, boys shoes, casual shoes, basketball shoes, running shoes men","Dear customer, welcome to our store! We will provide you high quality products. 
	Please choose the right size before you buy our items. 

	Shoes features:
	flyknit screen cloth  
	rubber big bottom running shoe  
	anti-skidding durable anti-friction
	siper light and quick dry  
	flyknit screen side 
	big hole design
	material is air cushion

	please bother us if you have questions!",27.99,69.99,6,http://img.hejiegm.cn/img/am/wzxyk15/orange/21.jpg,http://img.hejiegm.cn/img/am/wzxyk15/orange/22.jpg,http://img.hejiegm.cn/img/am/wzxyk15/orange/23.jpg,http://img.hejiegm.cn/img/am/wzxyk15/orange/24.jpg,http://img.hejiegm.cn/img/am/wzxyk15/orange/25.jpg,,,,,,,,"826539587825
"
zsl-shoes-men-wzxyk15,zsl-shoes-men-wzxyk15-orange-7.5,Threelove Men's Breathable and Wearable Fashion Sneakers Outdoor Sports Casual Comfortable Walking Cross Training Running Shoes orange,orange,7.5,90,"sneakers, red shoes, slippers, mens shoes, running shoes, sports shoes, boys shoes, casual shoes, basketball shoes, running shoes men","Dear customer, welcome to our store! We will provide you high quality products. 
	Please choose the right size before you buy our items. 

	Shoes features:
	flyknit screen cloth  
	rubber big bottom running shoe  
	anti-skidding durable anti-friction
	siper light and quick dry  
	flyknit screen side 
	big hole design
	material is air cushion

	please bother us if you have questions!",27.99,69.99,6,http://img.hejiegm.cn/img/am/wzxyk15/orange/21.jpg,http://img.hejiegm.cn/img/am/wzxyk15/orange/22.jpg,http://img.hejiegm.cn/img/am/wzxyk15/orange/23.jpg,http://img.hejiegm.cn/img/am/wzxyk15/orange/24.jpg,http://img.hejiegm.cn/img/am/wzxyk15/orange/25.jpg,,,,,,,,"826539587832
"
zsl-shoes-men-wzxyk15,zsl-shoes-men-wzxyk15-orange-8.5,Threelove Men's Breathable and Wearable Fashion Sneakers Outdoor Sports Casual Comfortable Walking Cross Training Running Shoes orange,orange,8.5,90,"sneakers, red shoes, slippers, mens shoes, running shoes, sports shoes, boys shoes, casual shoes, basketball shoes, running shoes men","Dear customer, welcome to our store! We will provide you high quality products. 
	Please choose the right size before you buy our items. 

	Shoes features:
	flyknit screen cloth  
	rubber big bottom running shoe  
	anti-skidding durable anti-friction
	siper light and quick dry  
	flyknit screen side 
	big hole design
	material is air cushion

	please bother us if you have questions!",27.99,69.99,6,http://img.hejiegm.cn/img/am/wzxyk15/orange/21.jpg,http://img.hejiegm.cn/img/am/wzxyk15/orange/22.jpg,http://img.hejiegm.cn/img/am/wzxyk15/orange/23.jpg,http://img.hejiegm.cn/img/am/wzxyk15/orange/24.jpg,http://img.hejiegm.cn/img/am/wzxyk15/orange/25.jpg,,,,,,,,"826539587849
"
zsl-shoes-men-wzxyk15,zsl-shoes-men-wzxyk15-orange-9,Threelove Men's Breathable and Wearable Fashion Sneakers Outdoor Sports Casual Comfortable Walking Cross Training Running Shoes orange,orange,9,90,"sneakers, red shoes, slippers, mens shoes, running shoes, sports shoes, boys shoes, casual shoes, basketball shoes, running shoes men","Dear customer, welcome to our store! We will provide you high quality products. 
	Please choose the right size before you buy our items. 

	Shoes features:
	flyknit screen cloth  
	rubber big bottom running shoe  
	anti-skidding durable anti-friction
	siper light and quick dry  
	flyknit screen side 
	big hole design
	material is air cushion

	please bother us if you have questions!",27.99,69.99,6,http://img.hejiegm.cn/img/am/wzxyk15/orange/21.jpg,http://img.hejiegm.cn/img/am/wzxyk15/orange/22.jpg,http://img.hejiegm.cn/img/am/wzxyk15/orange/23.jpg,http://img.hejiegm.cn/img/am/wzxyk15/orange/24.jpg,http://img.hejiegm.cn/img/am/wzxyk15/orange/25.jpg,,,,,,,,"826539587856
"
zsl-shoes-men-wzxyk15,zsl-shoes-men-wzxyk15-orange-9.5,Threelove Men's Breathable and Wearable Fashion Sneakers Outdoor Sports Casual Comfortable Walking Cross Training Running Shoes orange,orange,9.5,90,"sneakers, red shoes, slippers, mens shoes, running shoes, sports shoes, boys shoes, casual shoes, basketball shoes, running shoes men","Dear customer, welcome to our store! We will provide you high quality products. 
	Please choose the right size before you buy our items. 

	Shoes features:
	flyknit screen cloth  
	rubber big bottom running shoe  
	anti-skidding durable anti-friction
	siper light and quick dry  
	flyknit screen side 
	big hole design
	material is air cushion

	please bother us if you have questions!",27.99,69.99,6,http://img.hejiegm.cn/img/am/wzxyk15/orange/21.jpg,http://img.hejiegm.cn/img/am/wzxyk15/orange/22.jpg,http://img.hejiegm.cn/img/am/wzxyk15/orange/23.jpg,http://img.hejiegm.cn/img/am/wzxyk15/orange/24.jpg,http://img.hejiegm.cn/img/am/wzxyk15/orange/25.jpg,,,,,,,,"826539587863
"
zsl-shoes-men-wzxyk15,zsl-shoes-men-wzxyk15-orange-10,Threelove Men's Breathable and Wearable Fashion Sneakers Outdoor Sports Casual Comfortable Walking Cross Training Running Shoes orange,orange,10,90,"sneakers, red shoes, slippers, mens shoes, running shoes, sports shoes, boys shoes, casual shoes, basketball shoes, running shoes men","Dear customer, welcome to our store! We will provide you high quality products. 
	Please choose the right size before you buy our items. 

	Shoes features:
	flyknit screen cloth  
	rubber big bottom running shoe  
	anti-skidding durable anti-friction
	siper light and quick dry  
	flyknit screen side 
	big hole design
	material is air cushion

	please bother us if you have questions!",27.99,69.99,6,http://img.hejiegm.cn/img/am/wzxyk15/orange/21.jpg,http://img.hejiegm.cn/img/am/wzxyk15/orange/22.jpg,http://img.hejiegm.cn/img/am/wzxyk15/orange/23.jpg,http://img.hejiegm.cn/img/am/wzxyk15/orange/24.jpg,http://img.hejiegm.cn/img/am/wzxyk15/orange/25.jpg,,,,,,,,"826539587870
"
zsl-shoes-men-wzxyk15,zsl-shoes-men-wzxyk15-red-7,Threelove Men's Breathable and Wearable Fashion Sneakers Outdoor Sports Casual Comfortable Walking Cross Training Running Shoes red,red,7,90,"sneakers, red shoes, slippers, mens shoes, running shoes, sports shoes, boys shoes, casual shoes, basketball shoes, running shoes men","Dear customer, welcome to our store! We will provide you high quality products. 
	Please choose the right size before you buy our items. 

	Shoes features:
	flyknit screen cloth  
	rubber big bottom running shoe  
	anti-skidding durable anti-friction
	siper light and quick dry  
	flyknit screen side 
	big hole design
	material is air cushion

	please bother us if you have questions!",27.99,69.99,6,http://img.hejiegm.cn/img/am/wzxyk15/red/11.jpg,http://img.hejiegm.cn/img/am/wzxyk15/red/12.jpg,http://img.hejiegm.cn/img/am/wzxyk15/red/13.jpg,http://img.hejiegm.cn/img/am/wzxyk15/red/14.jpg,http://img.hejiegm.cn/img/am/wzxyk15/red/15.jpg,,,,,,,,"826539587887
"
zsl-shoes-men-wzxyk15,zsl-shoes-men-wzxyk15-red-7.5,Threelove Men's Breathable and Wearable Fashion Sneakers Outdoor Sports Casual Comfortable Walking Cross Training Running Shoes red,red,7.5,90,"sneakers, red shoes, slippers, mens shoes, running shoes, sports shoes, boys shoes, casual shoes, basketball shoes, running shoes men","Dear customer, welcome to our store! We will provide you high quality products. 
	Please choose the right size before you buy our items. 

	Shoes features:
	flyknit screen cloth  
	rubber big bottom running shoe  
	anti-skidding durable anti-friction
	siper light and quick dry  
	flyknit screen side 
	big hole design
	material is air cushion

	please bother us if you have questions!",27.99,69.99,6,http://img.hejiegm.cn/img/am/wzxyk15/red/11.jpg,http://img.hejiegm.cn/img/am/wzxyk15/red/12.jpg,http://img.hejiegm.cn/img/am/wzxyk15/red/13.jpg,http://img.hejiegm.cn/img/am/wzxyk15/red/14.jpg,http://img.hejiegm.cn/img/am/wzxyk15/red/15.jpg,,,,,,,,"826539587894
"
zsl-shoes-men-wzxyk15,zsl-shoes-men-wzxyk15-red-8.5,Threelove Men's Breathable and Wearable Fashion Sneakers Outdoor Sports Casual Comfortable Walking Cross Training Running Shoes red,red,8.5,90,"sneakers, red shoes, slippers, mens shoes, running shoes, sports shoes, boys shoes, casual shoes, basketball shoes, running shoes men","Dear customer, welcome to our store! We will provide you high quality products. 
	Please choose the right size before you buy our items. 

	Shoes features:
	flyknit screen cloth  
	rubber big bottom running shoe  
	anti-skidding durable anti-friction
	siper light and quick dry  
	flyknit screen side 
	big hole design
	material is air cushion

	please bother us if you have questions!",27.99,69.99,6,http://img.hejiegm.cn/img/am/wzxyk15/red/11.jpg,http://img.hejiegm.cn/img/am/wzxyk15/red/12.jpg,http://img.hejiegm.cn/img/am/wzxyk15/red/13.jpg,http://img.hejiegm.cn/img/am/wzxyk15/red/14.jpg,http://img.hejiegm.cn/img/am/wzxyk15/red/15.jpg,,,,,,,,"826539587900
"
zsl-shoes-men-wzxyk15,zsl-shoes-men-wzxyk15-red-9,Threelove Men's Breathable and Wearable Fashion Sneakers Outdoor Sports Casual Comfortable Walking Cross Training Running Shoes red,red,9,90,"sneakers, red shoes, slippers, mens shoes, running shoes, sports shoes, boys shoes, casual shoes, basketball shoes, running shoes men","Dear customer, welcome to our store! We will provide you high quality products. 
	Please choose the right size before you buy our items. 

	Shoes features:
	flyknit screen cloth  
	rubber big bottom running shoe  
	anti-skidding durable anti-friction
	siper light and quick dry  
	flyknit screen side 
	big hole design
	material is air cushion

	please bother us if you have questions!",27.99,69.99,6,http://img.hejiegm.cn/img/am/wzxyk15/red/11.jpg,http://img.hejiegm.cn/img/am/wzxyk15/red/12.jpg,http://img.hejiegm.cn/img/am/wzxyk15/red/13.jpg,http://img.hejiegm.cn/img/am/wzxyk15/red/14.jpg,http://img.hejiegm.cn/img/am/wzxyk15/red/15.jpg,,,,,,,,"826539587917
"
zsl-shoes-men-wzxyk15,zsl-shoes-men-wzxyk15-red-9.5,Threelove Men's Breathable and Wearable Fashion Sneakers Outdoor Sports Casual Comfortable Walking Cross Training Running Shoes red,red,9.5,90,"sneakers, red shoes, slippers, mens shoes, running shoes, sports shoes, boys shoes, casual shoes, basketball shoes, running shoes men","Dear customer, welcome to our store! We will provide you high quality products. 
	Please choose the right size before you buy our items. 

	Shoes features:
	flyknit screen cloth  
	rubber big bottom running shoe  
	anti-skidding durable anti-friction
	siper light and quick dry  
	flyknit screen side 
	big hole design
	material is air cushion

	please bother us if you have questions!",27.99,69.99,6,http://img.hejiegm.cn/img/am/wzxyk15/red/11.jpg,http://img.hejiegm.cn/img/am/wzxyk15/red/12.jpg,http://img.hejiegm.cn/img/am/wzxyk15/red/13.jpg,http://img.hejiegm.cn/img/am/wzxyk15/red/14.jpg,http://img.hejiegm.cn/img/am/wzxyk15/red/15.jpg,,,,,,,,"826539587924
"
zsl-shoes-men-wzxyk15,zsl-shoes-men-wzxyk15-red-10,Threelove Men's Breathable and Wearable Fashion Sneakers Outdoor Sports Casual Comfortable Walking Cross Training Running Shoes red,red,10,90,"sneakers, red shoes, slippers, mens shoes, running shoes, sports shoes, boys shoes, casual shoes, basketball shoes, running shoes men","Dear customer, welcome to our store! We will provide you high quality products. 
	Please choose the right size before you buy our items. 

	Shoes features:
	flyknit screen cloth  
	rubber big bottom running shoe  
	anti-skidding durable anti-friction
	siper light and quick dry  
	flyknit screen side 
	big hole design
	material is air cushion

	please bother us if you have questions!",27.99,69.99,6,http://img.hejiegm.cn/img/am/wzxyk15/red/11.jpg,http://img.hejiegm.cn/img/am/wzxyk15/red/12.jpg,http://img.hejiegm.cn/img/am/wzxyk15/red/13.jpg,http://img.hejiegm.cn/img/am/wzxyk15/red/14.jpg,http://img.hejiegm.cn/img/am/wzxyk15/red/15.jpg,,,,,,,,"826539587931
"
zsl-shoes-men-wzxyk15,zsl-shoes-men-wzxyk15-yellow-7,Threelove Men's Breathable and Wearable Fashion Sneakers Outdoor Sports Casual Comfortable Walking Cross Training Running Shoes yellow,yellow,7,90,"sneakers, red shoes, slippers, mens shoes, running shoes, sports shoes, boys shoes, casual shoes, basketball shoes, running shoes men","Dear customer, welcome to our store! We will provide you high quality products. 
	Please choose the right size before you buy our items. 

	Shoes features:
	flyknit screen cloth  
	rubber big bottom running shoe  
	anti-skidding durable anti-friction
	siper light and quick dry  
	flyknit screen side 
	big hole design
	material is air cushion

	please bother us if you have questions!",27.99,69.99,6,http://img.hejiegm.cn/img/am/wzxyk15/yellow/16.jpg,http://img.hejiegm.cn/img/am/wzxyk15/yellow/17.jpg,http://img.hejiegm.cn/img/am/wzxyk15/yellow/18.jpg,http://img.hejiegm.cn/img/am/wzxyk15/yellow/19.jpg,http://img.hejiegm.cn/img/am/wzxyk15/yellow/20.jpg,,,,,,,,"826539587948
"
zsl-shoes-men-wzxyk15,zsl-shoes-men-wzxyk15-yellow-7.5,Threelove Men's Breathable and Wearable Fashion Sneakers Outdoor Sports Casual Comfortable Walking Cross Training Running Shoes yellow,yellow,7.5,90,"sneakers, red shoes, slippers, mens shoes, running shoes, sports shoes, boys shoes, casual shoes, basketball shoes, running shoes men","Dear customer, welcome to our store! We will provide you high quality products. 
	Please choose the right size before you buy our items. 

	Shoes features:
	flyknit screen cloth  
	rubber big bottom running shoe  
	anti-skidding durable anti-friction
	siper light and quick dry  
	flyknit screen side 
	big hole design
	material is air cushion

	please bother us if you have questions!",27.99,69.99,6,http://img.hejiegm.cn/img/am/wzxyk15/yellow/16.jpg,http://img.hejiegm.cn/img/am/wzxyk15/yellow/17.jpg,http://img.hejiegm.cn/img/am/wzxyk15/yellow/18.jpg,http://img.hejiegm.cn/img/am/wzxyk15/yellow/19.jpg,http://img.hejiegm.cn/img/am/wzxyk15/yellow/20.jpg,,,,,,,,"826539587955
"
zsl-shoes-men-wzxyk15,zsl-shoes-men-wzxyk15-yellow-8.5,Threelove Men's Breathable and Wearable Fashion Sneakers Outdoor Sports Casual Comfortable Walking Cross Training Running Shoes yellow,yellow,8.5,90,"sneakers, red shoes, slippers, mens shoes, running shoes, sports shoes, boys shoes, casual shoes, basketball shoes, running shoes men","Dear customer, welcome to our store! We will provide you high quality products. 
	Please choose the right size before you buy our items. 

	Shoes features:
	flyknit screen cloth  
	rubber big bottom running shoe  
	anti-skidding durable anti-friction
	siper light and quick dry  
	flyknit screen side 
	big hole design
	material is air cushion

	please bother us if you have questions!",27.99,69.99,6,http://img.hejiegm.cn/img/am/wzxyk15/yellow/16.jpg,http://img.hejiegm.cn/img/am/wzxyk15/yellow/17.jpg,http://img.hejiegm.cn/img/am/wzxyk15/yellow/18.jpg,http://img.hejiegm.cn/img/am/wzxyk15/yellow/19.jpg,http://img.hejiegm.cn/img/am/wzxyk15/yellow/20.jpg,,,,,,,,"826539587962
"
zsl-shoes-men-wzxyk15,zsl-shoes-men-wzxyk15-yellow-9,Threelove Men's Breathable and Wearable Fashion Sneakers Outdoor Sports Casual Comfortable Walking Cross Training Running Shoes yellow,yellow,9,90,"sneakers, red shoes, slippers, mens shoes, running shoes, sports shoes, boys shoes, casual shoes, basketball shoes, running shoes men","Dear customer, welcome to our store! We will provide you high quality products. 
	Please choose the right size before you buy our items. 

	Shoes features:
	flyknit screen cloth  
	rubber big bottom running shoe  
	anti-skidding durable anti-friction
	siper light and quick dry  
	flyknit screen side 
	big hole design
	material is air cushion

	please bother us if you have questions!",27.99,69.99,6,http://img.hejiegm.cn/img/am/wzxyk15/yellow/16.jpg,http://img.hejiegm.cn/img/am/wzxyk15/yellow/17.jpg,http://img.hejiegm.cn/img/am/wzxyk15/yellow/18.jpg,http://img.hejiegm.cn/img/am/wzxyk15/yellow/19.jpg,http://img.hejiegm.cn/img/am/wzxyk15/yellow/20.jpg,,,,,,,,"826539587979
"
zsl-shoes-men-wzxyk15,zsl-shoes-men-wzxyk15-yellow-9.5,Threelove Men's Breathable and Wearable Fashion Sneakers Outdoor Sports Casual Comfortable Walking Cross Training Running Shoes yellow,yellow,9.5,90,"sneakers, red shoes, slippers, mens shoes, running shoes, sports shoes, boys shoes, casual shoes, basketball shoes, running shoes men","Dear customer, welcome to our store! We will provide you high quality products. 
	Please choose the right size before you buy our items. 

	Shoes features:
	flyknit screen cloth  
	rubber big bottom running shoe  
	anti-skidding durable anti-friction
	siper light and quick dry  
	flyknit screen side 
	big hole design
	material is air cushion

	please bother us if you have questions!",27.99,69.99,6,http://img.hejiegm.cn/img/am/wzxyk15/yellow/16.jpg,http://img.hejiegm.cn/img/am/wzxyk15/yellow/17.jpg,http://img.hejiegm.cn/img/am/wzxyk15/yellow/18.jpg,http://img.hejiegm.cn/img/am/wzxyk15/yellow/19.jpg,http://img.hejiegm.cn/img/am/wzxyk15/yellow/20.jpg,,,,,,,,"826539587986
"
zsl-shoes-men-wzxyk15,zsl-shoes-men-wzxyk15-yellow-10,Threelove Men's Breathable and Wearable Fashion Sneakers Outdoor Sports Casual Comfortable Walking Cross Training Running Shoes yellow,yellow,10,90,"sneakers, red shoes, slippers, mens shoes, running shoes, sports shoes, boys shoes, casual shoes, basketball shoes, running shoes men","Dear customer, welcome to our store! We will provide you high quality products. 
	Please choose the right size before you buy our items. 

	Shoes features:
	flyknit screen cloth  
	rubber big bottom running shoe  
	anti-skidding durable anti-friction
	siper light and quick dry  
	flyknit screen side 
	big hole design
	material is air cushion

	please bother us if you have questions!",27.99,69.99,6,http://img.hejiegm.cn/img/am/wzxyk15/yellow/16.jpg,http://img.hejiegm.cn/img/am/wzxyk15/yellow/17.jpg,http://img.hejiegm.cn/img/am/wzxyk15/yellow/18.jpg,http://img.hejiegm.cn/img/am/wzxyk15/yellow/19.jpg,http://img.hejiegm.cn/img/am/wzxyk15/yellow/20.jpg,,,,,,,,"826539587993
"
